{"cameraMode":{"drawMode":0,"name":"Shaded","section":"Shading Mode"},"sceneLighting":false,"audioPlay":false,"sceneViewState":{"m_AlwaysRefresh":false,"showFog":true,"showSkybox":true,"showFlares":true,"showImageEffects":true,"showParticleSystems":true,"showVisualEffectGraphs":true,"m_FxEnabled":true},"in2DMode":false,"pivot":{"x":21.100000381469728,"y":7.300000190734863,"z":23.007919311523439},"rotation":{"x":-0.025879058986902238,"y":0.8367605209350586,"z":-0.5456020832061768,"w":-0.03967477008700371},"size":16.499570846557618,"orthographic":false}