{"cameraMode":{"drawMode":0,"name":"Shaded","section":"Shading Mode"},"sceneLighting":false,"audioPlay":false,"sceneViewState":{"m_AlwaysRefresh":false,"showFog":true,"showSkybox":true,"showFlares":true,"showImageEffects":true,"showParticleSystems":true,"showVisualEffectGraphs":true,"m_FxEnabled":true},"in2DMode":false,"pivot":{"x":20.702102661132814,"y":1.4200208187103272,"z":14.870072364807129},"rotation":{"x":0.008384314365684986,"y":0.9397130012512207,"z":-0.3412230610847473,"w":0.023142311722040178},"size":2.373802900314331,"orthographic":false}