{"PlayerName":"Player","PlayerHealth":100,"PlayerDead":false,"PlayerPosition":{"X":11.157999992370606,"Y":0.6434098482131958,"Z":15.378155708312989}}